Title,Authors,Contributors,ISBN/UID,Format,Read Status,Date Added,Last Date Read,Dates Read,Read Count,Moods,Pace,Character- or Plot-Driven?,Strong Character Development?,Loveable Characters?,Diverse Characters?,Flawed Characters?,Star Rating,Review,Content Warnings,Content Warning Description,Tags,Owned?
That Bonesetter Woman,Frances Quinn,"",9781471193460,digital,to-read,2024/01/21,"","",0,"",,,,,,,,,"",,"",No
A Game of Thrones,George R.R. Martin,"",9780553588484,paperback,read,2013/08/13,"","",1,"",,,,,,,5.0,,"",,"",No
The Hunger Games,Suzanne Collins,"",9780439023481,hardcover,read,2013/08/13,"","",1,"",,,,,,,4.0,,"",,"",No
Mockingjay,Suzanne Collins,"",9780439023511,hardcover,read,2013/08/13,"","",1,"",,,,,,,2.0,,"",,"",No
The Hobbit,J.R.R. Tolkien,Andy Serkis (Narrator),9781705009048,audio,read,2013/08/13,"","",1,"",,,,,,,4.0,,"",,"",No
Harry Potter and the Goblet of Fire,J.K. Rowling,Mary GrandPré (Illustrator),9780439139601,paperback,read,2013/08/13,"","",1,"",,,,,,,4.0,,"",,"",No
The Work of Art: How Something Comes from Nothing,Adam Moss,"",9780593297582,hardcover,to-read,2024/06/10,"","",0,"",,,,,,,,,"",,"",No
Dracula Daily,Bram Stoker,Matt Kirkland (Contributor),"",digital,read,2024/04/20,2024/11/07,2024/05/04-2024/11/07,1,"",,,,,,,,,"",,"",No
The Three-Body Problem,Cixin Liu,Ken Liu (Translator),9780765377067,hardcover,to-read,2024/01/21,"","",0,"",,,,,,,,,"",,"",No
Atonement,Ian McEwan,"",9780385721790,paperback,read,2013/08/13,"","",1,"",,,,,,,,,"",,"",No
Harry Potter and the Sorcerer's Stone,J.K. Rowling,Mary GrandPré (Illustrator),9780590353427,paperback,read,2013/08/13,"","",1,"",,,,,,,4.0,,"",,"",No
Mark Twain's Letters from Hawaii,Mark Twain,A. Grove Day,9780824802882,paperback,currently-reading,2024/08/28,"","",0,"",,,,,,,,,"",,"",No
Out of the Girls' Room and Into the Night: Stories,Thisbe Nissen,"",9780385720533,paperback,read,2023/09/12,2023/10/24,2023/09/11-2023/10/24,1,"",,,,,,,,,"",,"",Yes
The Name of the Wind,Patrick Rothfuss,Rupert Degas (Narrator),9781409109549,audio,read,2021/12/28,"","",1,"",,,,,,,,,"",,"",No
The Way of Kings,Brandon Sanderson,"",9780765326355,hardcover,read,2021/12/06,"","",1,"",,,,,,,,,"",,"",No
The Waste Books,Georg Christoph Lichtenberg,"",9780940322509,paperback,to-read,2024/09/04,"","",0,"",,,,,,,,,"",,"",No
The Slow Regard of Silent Things,Patrick Rothfuss,"",9781473209329,hardcover,read,2021/12/28,2023/05/30,2023/05/28-2023/05/30,1,"",,,,,,,,,"",,"",Yes
Children of Time,Adrian Tchaikovsky,"",9781447273288,hardcover,to-read,2024/08/06,"","",0,"",,,,,,,,,"",,"",No
The Priory of the Orange Tree,Samantha Shannon,"",9781635570298,hardcover,read,2022/01/29,2022/09/05,2022/05/02-2022/09/05,1,"",,,,,,,,,"",,"",No
The Sunlit Man,Brandon Sanderson,William DeMeritt (Narrator),9781938570452,audio,read,2024/01/11,2024/02/23,2024/01/11-2024/02/23,1,"",,,,,,,,,"",,"",No
Twilight,Stephenie Meyer,"",9780316015844,paperback,read,2013/08/13,"","",1,"",,,,,,,1.0,,"",,"",No
The House of Silk,Anthony Horowitz,"",9780316196994,hardcover,read,2013/08/13,2013/08/10,2013/08/10,1,"",,,,,,,4.0,,"",,"",No
Beowulf,Unknown,Seamus Heaney (Translator),9780571203765,paperback,read,2024/08/11,2024/09/11,2024/08/11-2024/09/11,1,"",,,,,,,,,"",,"",No
The Republic of Thieves,Scott Lynch,Michael Page (Narrator),9780593163405,audio,read,2023/10/24,2023/11/10,2023/09/19-2023/11/10,1,"",,,,,,,,,"",,"",No
Snakehead,Anthony Horowitz,"",,paperback,read,2021/12/06,"","",1,"",,,,,,,,,"",,"",No
The Singularity Trap,Dennis E. Taylor,Ray Porter (Narrator),B07BHVR59C,audio,read,2024/02/25,2024/03/28,2024/02/25-2024/03/28,1,"",,,,,,,,,"",,"",No
Secret History,Brandon Sanderson,"",,paperback,read,2021/12/06,"","",1,"",,,,,,,,,"",,"",No
The Eye of the World,Robert Jordan,"","",paperback,read,2021/12/06,2021/10,2021/10,1,"funny, mysterious, emotional, hopeful, adventurous",medium,Plot,Yes,Yes,Yes,Yes,4.0,"","","","",No
Mrs. Dalloway,Virginia Woolf,Maureen Howard,9780151009985,hardcover,read,2021/12/28,"","",1,"",,,,,,,,,"",,"",No
Foundation,Isaac Asimov,"",9780586010808,paperback,read,2022/10/22,2022/10/22,2022/10/22,1,"",,,,,,,,,"",,"",No
Before the Coffee Gets Cold,Toshikazu Kawaguchi,Geoffrey Trousselot (Translator),9781529029581,paperback,read,2021/12/13,2022/02/25,2022/02/17-2022/02/25,1,"",,,,,,,,,"",,"",No
Eagle Strike,Anthony Horowitz,"",0142406139,paperback,read,2021/12/06,"","",1,"",,,,,,,,,"",,"",No
Pachinko,Min Jin Lee,"",9781786691378,paperback,read,2024/01/17,"","",1,"",,,,,,,,,"",,"",Yes
Paradise Lost,John Milton,John Leonard (Contributor),9780140424393,paperback,read,2013/08/13,"","",1,"",,,,,,,,,"",,"",No
The Great Gatsby,F. Scott Fitzgerald,Matthew J. Bruccoli,9780684801520,paperback,read,2013/08/13,"","",1,"",,,,,,,5.0,,"",,"",No
House of Open Wounds,Adrian Tchaikovsky,"",9781035901371,paperback,to-read,2024/09/11,"","",0,"",,,,,,,,,"",,"",No
Ella Minnow Pea,Mark Dunn,"",9780385722438,paperback,to-read,2024/09/03,"","",0,"",,,,,,,,,"",,"",No
The Song of Achilles,Madeline Miller,"",9781408816035,hardcover,read,2021/12/28,2022/01/09,2021/12/28-2022/01/09,1,"",,,,,,,,,"",,"",No
Red Rising,Pierce Brown,"",9781444758993,paperback,read,2023/09/02,2024/01/20,2024/01/16-2024/01/20,1,"",,,,,,,,,"",,"",Yes
The Bear and the Nightingale,Katherine Arden,"",9781785031052,paperback,currently-reading,2025/01/02,"","",0,"",,,,,,,,,"",,"",Yes
Moriarty,Anthony Horowitz,"",9780062377180,hardcover,read,2021/12/06,2021/10,2021/10,1,"",fast,Plot,No,No,No,It's complicated,1.5,"","","","",No
Legends & Lattes,Travis Baldree,"",9798985663211,paperback,to-read,2023/09/02,"","",0,"",,,,,,,,,"",,"",No
Shadows of Self,Brandon Sanderson,Michael Kramer (Narrator),9781427262240,audio,read,2021/12/06,2023/01/25,2022/12/25-2023/01/25,1,"",,,,,,,,,"",,"",No
Ring Shout,P. Djèlí Clark,"",9781250767028,hardcover,read,2024/02/16,2024/02/23,2024/02/15-2024/02/23,1,"",,,,,,,,,"",,"",Yes
Point Blank,Anthony Horowitz,"","",paperback,read,2021/12/06,"","",1,"",,,,,,,,,"",,"",No
Eleanor Oliphant Is Completely Fine,Gail Honeyman,"",9780735220683,hardcover,read,2022/02/01,2022/02/04,2022/02/01-2022/02/04,1,"",,,,,,,,,"",,"",No
Red Seas Under Red Skies,Scott Lynch,Michael Page (Narrator),B00NE4QH2E,audio,read,2023/07/04,2023/09/18,2023/07/04-2023/09/18,1,"",,,,,,,,,"",,"",No
Scorpia Rising,Anthony Horowitz,"","",paperback,read,2021/12/06,"","",1,"",,,,,,,,,"",,"",No
The Goldfinch,Donna Tartt,David Pittu (Narrator),9781600247118,audio,read,2021/12/28,"","",1,"",,,,,,,,,"",,"",No
Wind and Truth,Brandon Sanderson,"Michael Kramer (Narrator), Kate Reading (Narrator)",9781399601351,audio,currently-reading,2024/12/20,"","",0,"",,,,,,,,,"",,"",No
Cage of Souls,Adrian Tchaikovsky,David Thorpe (Narrator),9781789548792,audio,read,2024/03/28,2024/08/27,2024/03/28-2024/08/27,1,"",,,,,,,,,"",,"",No
"Poems: Three Series, Complete",Emily Dickinson,"",,,read,2024/01/24,2025/03/13,2024/01/24-2025/03/13,1,"",,,,,,,,,"",,"",No
The Burning God,R.F. Kuang,"",9780008339142,hardcover,read,2022/01/29,2022/05/01,2022/04/06-2022/05/01,1,"",,,,,,,,,"",,"",No
A Feast for Crows,George R.R. Martin,"",9780553582024,paperback,read,2013/08/13,"","",1,"",,,,,,,3.0,,"",,"",No
Keep the Aspidistra Flying,George Orwell,"",9780141183725,paperback,read,2023/01/10,"","",1,"",,,,,,,,,"",,"",No
"Oh, to Be a Painter!",Virginia Woolf,Claudia Tobin (Contributor),9781644230589,paperback,to-read,2024/01/21,"","",0,"",,,,,,,,,"",,"",No
The Poppy War,R.F. Kuang,"",9780008239848,paperback,read,2022/01/20,2022/01/28,2022/01/19-2022/01/28,1,"",,,,,,,,,"",,"",No
A Wizard of Earthsea,Ursula K. Le Guin,"",9780553383041,paperback,read,2023/09/02,2023/09/10,2023/09/02-2023/09/10,1,"",,,,,,,,,"",,"",No
The Hero of Ages,Brandon Sanderson,"",B002LC8HF0,digital,read,2021/12/06,"","",1,"",,,,,,,,,"",,"",No
Things Fall Apart,Chinua Achebe,"",9780141023380,paperback,read,2021/12/28,"","",1,"",,,,,,,,,"",,"",No
The Grace of Kings,Ken Liu,"",9781481424271,hardcover,to-read,2024/03/28,"","",0,"",,,,,,,,,"",,"",No
The Universe in Verse: 15 Portals to Wonder through Science & Poetry,Maria Popova,"",B0CTZKGL1F,digital,to-read,2024/12/18,"","",0,"",,,,,,,,,"",,"",No
Monkey Grip,Helen Garner,"",9780140049534,paperback,to-read,2024/09/03,"","",0,"",,,,,,,,,"",,"",No
I Know What You Did Last Wednesday,Anthony Horowitz,"",,,read,2021/12/06,"","",1,"",,,,,,,,,"",,"",No
Cloud Cuckoo Land,Anthony Doerr,"",9780008478674,paperback,read,2023/04/16,2023/08/13,2023/03/26-2023/08/13,1,"",,,,,,,,,"",,"",Yes
The Dollmakers,Lynn Buchanan,"",9780063308268,paperback,to-read,2024/01/21,"","",0,"",,,,,,,,,"",,"",No
An Ember in the Ashes,Sabaa Tahir,"",0698176464,digital,to-read,2022/05/23,"","",0,"",,,,,,,,,"",,"",No
All the Light We Cannot See,Anthony Doerr,"",9781476746586,hardcover,read,2022/01/29,"","",1,"",,,,,,,,,"",,"",No
The Wise Man's Fear,Patrick Rothfuss,Nick Podehl (Narrator),9781611066562,audio,read,2021/12/28,"","",1,"",,,,,,,,,"",,"",No
An Absolutely Remarkable Thing,Hank Green,"Hank Green (Narrator), Kristen Sieh (Narrator)",9780525641810,audio,read,2022/01/11,"","",1,"",,,,,,,,,"",,"",No
The House in the Cerulean Sea,TJ Klune,"",9781529087949,paperback,read,2022/01/12,2022/01/19,2022/01/10-2022/01/19,1,"",,,,,,,,,"",,"",No
A Clash of Kings,George R.R. Martin,"",9780553381696,paperback,read,2013/08/13,"","",1,"",,,,,,,4.0,,"",,"",No
Matilda,Roald Dahl,Quentin Blake (Illustrator),9780141301068,paperback,read,2013/08/13,"","",1,"",,,,,,,3.0,,"",,"",No
Treasure Island,Robert Louis Stevenson,"",9780753453803,hardcover,read,2024/09/18,2024/11/23,2024/09/15-2024/11/23,1,"",,,,,,,,,"",,"",No
Faebound,Saara El-Arifi,"",9780008596965,hardcover,to-read,2024/03/01,"","",0,"",,,,,,,,,"",,"",No
Harry Potter and the Deathly Hallows,J.K. Rowling,Mary GrandPré (Illustrator),9780545010221,hardcover,read,2013/08/13,"","",1,"",,,,,,,4.0,,"",,"",No
The Fifth Season,N.K. Jemisin,"",9780316229296,paperback,to-read,2024/12/04,"","",0,"",,,,,,,,,"",,"",No
Animal Farm,George Orwell,"",9781542026734,paperback,read,2024/01/17,"","",1,"",,,,,,,,,"",,"",Yes
1984,George Orwell,"",9781328869333,hardcover,read,2013/08/13,"","",1,"",,,,,,,,,"",,"",No
Eight Million Ways to Die,Lawrence Block,"",9780380715732,paperback,to-read,2024/01/21,"","",0,"",,,,,,,,,"",,"",No
Crocodile Tears,Anthony Horowitz,"","",paperback,read,2021/12/06,"","",1,"",,,,,,,,,"",,"",No
Charlie and the Chocolate Factory,Roald Dahl,Quentin Blake,9780142403884,paperback,read,2013/08/13,"","",1,"",,,,,,,,,"",,"",No
The War of the Worlds,H.G. Wells,"",9780375759239,paperback,read,2013/08/13,2013/08/18,2013/08/18,1,"",,,,,,,,,"",,"",No
Small Things Like These,Claire Keegan,"",9780571368686,hardcover,to-read,2024/09/03,"","",0,"",,,,,,,,,"",,"",No
Galatea,Madeline Miller,"",9781408848142,digital,read,2024/03/04,2024/03/04,2024/03/04-2024/03/04,1,"",,,,,,,,,"",,"",No
Harry Potter and the Chamber of Secrets,J.K. Rowling,Mary GrandPré (Illustrator),9780439064866,hardcover,read,2013/08/13,"","",1,"",,,,,,,4.0,,"",,"",No
Yumi and the Nightmare Painter,Brandon Sanderson,"Michael Kramer (Narrator), Kate Reading (Narrator)",9781938570445,audio,read,2024/01/03,2024/01/10,2023/12/15-2024/01/10,1,"",,,,,,,,,"",,"",No
Unmasking Autism: Discovering the New Faces of Neurodiversity,Devon Price,"",9780593235232,hardcover,read,2024/06/25,2024/11/23,2024/06/25-2024/11/23,1,"",,,,,,,,,"",,"",No
The Well of Ascension,Brandon Sanderson,"",9780765316882,hardcover,read,2021/12/06,"","",1,"",,,,,,,,,"",,"",No
The Shell Collector,Anthony Doerr,"",9780007146987,paperback,read,2023/08/20,2023/09/02,2023/08/19-2023/09/02,1,"",,,,,,,,,"",,"",No
Border Town Girl,John D. MacDonald,"",,,to-read,2024/01/21,"","",0,"",,,,,,,,,"",,"",No
Ark Angel,Anthony Horowitz,"",9781406360240,paperback,read,2021/12/06,"","",1,"",,,,,,,,,"",,"",No
A Beautifully Foolish Endeavor,Hank Green,"Gabra Zackman (Narrator), Joe Hempel (Narrator), Hank Green (Narrator), Robert Petkoff (Narrator), Kristen Sieh (Narrator), Hillary Huber (Narrator), Kevin R. Free (Narrator), Angelo Di Loreto (Narrator), Nicole Lewis (Narrator), P.J. Ochlan (Narrator), Oliver Wyman (Narrator), Jesse Vilinsky (Narrator)",9780593146330,audio,read,2022/01/11,"","",1,"",,,,,,,,,"",,"",No
Greta and Valdin,Rebecca K Reilly,"",9781776564194,paperback,to-read,2024/12/04,"","",0,"",,,,,,,,,"",,"",No
Catching Fire,Suzanne Collins,"",9780439023498,hardcover,read,2013/08/13,"","",1,"",,,,,,,3.0,,"",,"",No
Sea of Tranquility,Emily St. John Mandel,"",9781529083491,hardcover,read,2023/01/17,2023/01/24,2023/01/15-2023/01/24,1,"",,,,,,,,,"",,"",No
I Want to Die but I Want to Eat Tteokbokki,Baek Se-hee,Anton Hur (Translator),9781635579383,hardcover,read,2025/02/19,2025/02/19,2025/02/10-2025/02/19,1,"",,,,,,,,,"",,"",No
Artemis Fowl,Eoin Colfer,Angela Ragusa (Translator),9788804530213,paperback,read,2013/08/13,"","",1,"",,,,,,,4.0,,"",,"",No
Harry Potter and the Order of the Phoenix,J.K. Rowling,Stephen Fry (Narrator),9781855496873,audio,read,2013/08/13,"","",1,"",,,,,,,4.0,,"",,"",No
Words of Radiance,Brandon Sanderson,"",9780765326362,hardcover,read,2021/12/06,2021/01,2021/01,1,"",,,,,,,,,"",,"",No
Lincoln in the Bardo,George Saunders,Nick Offerman (Narrator),9780553397574,audio,read,2022/01/11,"","",1,"",,,,,,,,,"",,"",No
London Rules,Mick Herron,"",9781473657403,paperback,did-not-finish,2021/12/06,"","",0,"",,,,,,,,,"",,"",No
The Emperor's Soul,Brandon Sanderson,"",9781473212640,hardcover,read,2022/11/24,2022/11/23,2022/11/24-2022/11/23,1,"",,,,,,,,,"",,"",No
Thieves,Lucie Bryon,"",9781838741198,paperback,to-read,2023/08/15,"","",0,"",,,,,,,,,"",,"",No
Blackbird,David Harrower,"",9780571233199,paperback,read,2024/09/13,2024/09/13,2024/09/13-2024/09/13,1,"",,,,,,,,,"",,"",No
The Picture of Dorian Gray,Oscar Wilde,"",9798792366251,paperback,read,2021/12/28,2022/02/09,2021/12/28-2022/02/09,1,"",,,,,,,,,"",,"",No
The Bands of Mourning,Brandon Sanderson,Michael Kramer (Narrator),9781427267900,audio,read,2021/12/06,2023/04/16,2023/03/13-2023/04/16,1,"",,,,,,,,,"",,"",No
Betrayal,Harold Pinter,"",9780571160822,paperback,read,2024/09/14,2024/09/14,2024/09/14-2024/09/14,1,"",,,,,,,,,"",,"",No
This Is How You Lose the Time War,"Max Gladstone, Amal El-Mohtar","",9781534431010,digital,read,2023/09/02,2024/05/25,2024/04/15-2024/05/25,1,"",,,,,,,,,"",,"",No
Falling Animals,Sheila Armstrong,"",9781526635860,audio,read,2024/09/04,2024/12/06,2024/09/01-2024/12/06,1,"",,,,,,,,,"",,"",No
Babel,R.F. Kuang,"",9780008501815,hardcover,read,2022/12/19,2022/12/19,2022/12/19-2022/12/19,1,"",,,,,,,,,"",,"",No
The Final Empire,Brandon Sanderson,"",9780765311788,hardcover,read,2021/12/06,"","",1,"",,,,,,,,,"",,"",No
Why I'm No Longer Talking to White People about Race,Reni Eddo-Lodge,"",9781408870556,hardcover,read,2024/06/08,2024/09/15,2024/06/08-2024/09/15,1,"",,,,,,,,,"",,"",No
Edgedancer,Brandon Sanderson,"",1473225035,paperback,read,2021/12/06,"","",1,"",,,,,,,,,"",,"",No
Rhythm of War,Brandon Sanderson,"Michael Kramer (Narrator), Kate Reading (Narrator)",9781250759788,audio,read,2022/01/14,2022/11/15,2022/01/14-2022/11/15,1,"",,,,,,,,,"",,"",No
The Bells of Old Tokyo: Travels in Japanese Time,Anna Sherman,"",9781529000498,paperback,read,2023/01/17,2023/05/10,2022/08/17-2023/05/10,1,"",,,,,,,,,"",,"",Yes
The Ocean at the End of the Lane,Neil Gaiman,"",9780062255655,hardcover,read,2022/05/04,"","",1,"",,,,,,,,,"",,"",No
The Alloy of Law,Brandon Sanderson,Michael Kramer (Narrator),9781427221049,audio,read,2021/12/06,2022/12/25,2022/11/19-2022/12/25,1,"",,,,,,,,,"",,"",No
Piranesi,Susanna Clarke,"",9781635575637,hardcover,read,2022/01/29,2022/04/15,2022/04/10-2022/04/15,1,"mysterious, reflective, emotional, inspiring, hopeful",medium,Character,Yes,Yes,No,No,5.0,"","","","",No
Elantris,Brandon Sanderson,"",B003G93YLY,digital,read,2024/02/23,2024/04/13,2024/02/23-2024/04/13,1,"",,,,,,,,,"",,"",No
Enlightenment,Sarah Perry,"",9780063352612,hardcover,to-read,2024/05/06,"","",0,"",,,,,,,,,"",,"",No
Project Hail Mary,Andy Weir,"",9780593135204,hardcover,read,2022/11/01,2022/11/04,2022/10/30-2022/11/04,1,"",,,,,,,,,"",,"",No
The Tunnel,Ernesto Sabato,"Margaret Sayers Peden (Translator), Colm Tóibín (Contributor)",9780141194547,paperback,to-read,2025/01/29,"","",0,"",,,,,,,,,"",,"",No
Mad Men Carousel: The Complete Critical Companion,Matt Zoller Seitz,Max Dalton (Illustrator),9781419720635,hardcover,read,2024/01/17,"","",1,"",,,,,,,,,"",,"",Yes
Nineteen Eighty-Four,George Orwell,"",9780140009729,paperback,read,2024/01/17,"","",1,"",,,,,,,,,"",,"",Yes
Ready Player One,Ernest Cline,"",9780307887443,paperback,read,2022/05/04,"","",1,"",,,,,,,,,"",,"",No
Dawnshard,Brandon Sanderson,"",9781803361062,hardcover,read,2021/12/06,2022/05/25,2022/05/25,1,"",,,,,,,,,"",,"",No
The Sun Also Rises,Ernest Hemingway,"","",hardcover,read,2024/11/23,2024/12/19,2024/09/27-2024/12/19,1,"",,,,,,,,,"",,"",No
Hokkaido Highway Blues: Hitchhiking Japan,Will Ferguson,"",9781841952888,paperback,read,2024/01/17,2024/03/28,2024/01/17-2024/03/28,1,"",,,,,,,,,"",,"",Yes
The Will of the Many,James Islington,"",9781982141172,hardcover,to-read,2023/11/01,"","",0,"",,,,,,,,,"",,"",No
Jade City,Fonda Lee,"",9780316440882,paperback,to-read,2023/09/03,"","",0,"",,,,,,,,,"",,"",No
The Dragon Republic,R.F. Kuang,"",9780062662613,digital,read,2022/04/03,2022/04/02,2022/02/24-2022/04/02,1,"",,,,,,,,,"",,"",No
Harry Potter and the Deathly Hallows,J.K. Rowling,Stephen Fry (Narrator),9781781102428,audio,read,2023/10/15,2023/10/26,2023/09/22-2023/10/26,1,"",,,,,,,,,"",,"",No
"Heroes: Mortals and Monsters, Quests and Adventures",Stephen Fry,"",9781405940573,audio,paused,2024/08/27,"","",0,"",,,,,,,,,"",,"",No
Skeleton Key,Anthony Horowitz,"",0142406147,paperback,read,2021/12/06,"","",1,"",,,,,,,,,"",,"",No
The Hound of the Baskervilles,Arthur Conan Doyle,"",9781618955104,paperback,read,2013/08/13,"","",1,"",,,,,,,3.0,,"",,"",No
Call Me By Your Name,André Aciman,"",9781786495259,paperback,read,2022/05/04,"","",1,"",,,,,,,,,"",,"",No
Mrs Dalloway,Virginia Woolf,"",9780141182490,paperback,read,2024/01/17,"","",1,"",,,,,,,,,"",,"",Yes
Mr Wilder & Me,Jonathan Coe,"",9780241454664,hardcover,read,2023/08/15,2023/08/19,2023/08/15-2023/08/19,1,"",,,,,,,,,"",,"",No
Heart of Darkness,Joseph Conrad,Aníbal Fernandes (Translator),9781892295491,paperback,read,2013/08/13,"","",1,"",,,,,,,,,"",,"",No
The Beauty Queen of Leenane,Martin McDonagh,"",9780413707307,paperback,read,2024/09/12,2024/09/12,2024/09/12-2024/09/12,1,"dark, funny, sad",fast,Character,No,No,No,Yes,2.0,<div>Fun dialog over a threadbare story. 'shock' ending feels cheap today.</div>,"Moderate: Violence, Fire/Fire injury; ","","",No
Scythe,Neal Shusterman,"",9781406379242,paperback,read,2024/01/10,2024/01/14,2024/01/10-2024/01/14,1,"",,,,,,,,,"",,"",Yes
House of Leaves,Mark Z. Danielewski,"",9780385603102,paperback,to-read,2024/01/21,"","",0,"",,,,,,,,,"",,"",No
The Fault in Our Stars,John Green,"",9780142424179,paperback,read,2013/08/13,"","",1,"",,,,,,,4.0,,"",,"",No
One Plus One Equals Three: A Masterclass in Creative Thinking,Dave Trott,"",9781447287056,paperback,read,2023/07/08,2023/07/08,2023/07/08-2023/07/08,1,"",,,,,,,,,"",,"",No
The Lost Metal,Brandon Sanderson,Michael Kramer (Narrator),"",audio,read,2023/04/16,2023/07/04,2023/04/16-2023/07/04,1,"",,,,,,,,,"",,"",No
Pachinko,Min Jin Lee,"",9781455563913,digital,read,2021/12/06,2021/12/24,2021/12/02-2021/12/24,1,"",,,,,,,,,"",,"",No
The Vegetarian,Han Kang,Deborah Smith (Translator),9780553448184,hardcover,read,2022/10/22,2022/10/29,2022/10/22-2022/10/29,1,"",,,,,,,,,"",,"",No
The Making of Incarnation,Tom McCarthy,"",9781787333291,hardcover,to-read,2024/11/23,"","",0,"",,,,,,,,,"",,"",No
The Seven Husbands of Evelyn Hugo,Taylor Jenkins Reid,"",9781501139239,hardcover,read,2024/08/04,2024/08/04,2024/07/29-2024/08/04,1,"",,,,,,,,,"",,"",No
Lessons in Chemistry,Bonnie Garmus,"",9780857528131,paperback,read,2023/08/15,2023/08/15,2023/08/13-2023/08/15,1,"",,,,,,,,,"",,"",No
Mongrel,Hanako Footman,"",9781804440827,hardcover,to-read,2024/01/27,"","",0,"",,,,,,,,,"",,"",No
Conversations with Friends,Sally Rooney,"",9780451499066,paperback,read,2021/07/08,2021/06/01,2021/06/01,1,"",,,,,,,3.0,,"",,"",No
What I Talk About When I Talk About Running,Haruki Murakami,Philip Gabriel (Translator),9780307397379,paperback,read,2024/03/30,2024/04/22,2024/03/30-2024/04/22,1,"",,,,,,,,,"",,"",No
Eragon,Christopher Paolini,"",9780375826696,paperback,read,2013/08/13,"","",1,"",,,,,,,3.0,,"",,"",No
All the Light We Cannot See,Anthony Doerr,"",9780008138301,paperback,read,2024/01/17,"","",1,"",,,,,,,,,"",,"",Yes
Wandering Souls,Cecile Pin,"",9781250863461,hardcover,to-read,2024/01/27,"","",0,"",,,,,,,,,"",,"",No
Of Mice and Men,John Steinbeck,"",9780142000670,paperback,read,2021/12/28,"","",1,"",,,,,,,,,"",,"",No
Harry Potter and the Prisoner of Azkaban,J.K. Rowling,Mary GrandPré (Illustrator),9780439136365,paperback,read,2013/08/13,"","",1,"",,,,,,,4.0,,"",,"",No
The Midnight Library,Matt Haig,"",9780525559474,hardcover,did-not-finish,2021/12/13,"","",0,"",,,,,,,,,"",,"",No
Warbreaker,Brandon Sanderson,Alyssa Bresnahan (Narrator),9781501901737,audio,read,2021/12/06,2023/03/10,2023/01/28-2023/03/10,1,"",,,,,,,,,"",,"",No
The Book Thief,Markus Zusak,"",9780375831003,hardcover,to-read,2021/12/13,"","",0,"",,,,,,,,,"",,"",No
Norwegian Wood,Haruki Murakami,Jay Rubin (Translator),9780099448822,paperback,read,2024/01/17,"","",1,"",,,,,,,,,"",,"",Yes
How Do You Live?,Genzaburō Yoshino,"",9781846046469,paperback,read,2023/10/31,2024/01/09,2023/10/31-2024/01/09,1,"",,,,,,,,,"",,"",Yes
Tress of the Emerald Sea,Brandon Sanderson,Michael Kramer (Narrator),9781938570421,audio,read,2023/11/10,2023/12/15,2023/11/10-2023/12/15,1,"",,,,,,,,,"",,"",No
Scorpia,Anthony Horowitz,"",9780439862257,paperback,read,2021/12/06,"","",1,"",,,,,,,,,"",,"",No
Butcher's Crossing,John Williams,"",9781590171981,paperback,to-read,2024/09/06,"","",0,"",,,,,,,,,"",,"",No
Convenience Store Woman,Sayaka Murata,Ginny Tapley Takemori (Translator),9781846276842,paperback,read,2024/01/21,2024/01/24,2024/01/21-2024/01/24,1,"",,,,,,,,,"",,"",No
Love in the Time of Cholera,Gabriel García Márquez,Edith Grossman (Translator),9780241968567,paperback,read,2024/01/17,"","",1,"",,,,,,,,,"",,"",Yes
The Lies of Locke Lamora,Scott Lynch,"",9780553588941,paperback,read,2021/12/06,"","",1,"",,,,,,,,,"",,"",No
The Rithmatist,Brandon Sanderson,"",9781447266150,paperback,read,2022/02/16,2022/02/16,2022/02/13-2022/02/16,1,"",,,,,,,,,"",,"",No
Stormbreaker,Anthony Horowitz,"","",paperback,read,2021/12/06,"","",1,"",,,,,,,,,"",,"",No
Harry Potter and the Half-Blood Prince,J.K. Rowling,Mary GrandPré (Illustrator),9780439784542,hardcover,read,2013/08/13,"","",1,"",,,,,,,4.0,,"",,"",No
The Secret History,Donna Tartt,"",9780140167771,paperback,read,2024/01/25,2024/02/14,2024/01/25-2024/02/14,1,"",,,,,,,,,"",,"",No
Katabasis,R.F. Kuang,"",9780063021471,hardcover,to-read,2024/04/08,"","",0,"",,,,,,,,,"",,"",No
I Wore My Blackest Hair,Carlina Duan,"",9781503941977,paperback,read,2024/03/27,2024/09/04,2024/03/27-2024/09/04,1,"",,,,,,,,,"",,"",No
A Dance with Dragons,George R.R. Martin,"",9780002247399,hardcover,read,2013/08/13,"","",1,"",,,,,,,5.0,,"",,"",No
Little Fires Everywhere,Celeste Ng,"",9780349142920,paperback,read,2024/01/24,"","",1,"",,,,,,,,,"",,"",No
Oathbringer,Brandon Sanderson,"Kate Reading (Narrator), Michael Kramer (Narrator)",9781427275936,audio,read,2022/01/11,2022/01/13,2021/01/01-2022/01/13,1,"",,,,,,,,,"",,"",No
Where the Crawdads Sing,Delia Owens,"",9781472154668,paperback,read,2021/12/06,2021/12/01,2021/12/01,1,"reflective, emotional, inspiring, hopeful",medium,Character,Yes,Yes,It's complicated,It's complicated,4.0,"","","","",No
Annihilation,Jeff VanderMeer,"",9780374104092,paperback,to-read,2024/09/03,"","",0,"",,,,,,,,,"",,"",No
A Storm of Swords,George R.R. Martin,"",9780553573428,paperback,read,2013/08/13,"","",1,"",,,,,,,5.0,,"",,"",No
Kindred,Octavia E. Butler,"",9781472258229,paperback,"","","","","","","","","","","","","","","","","",Yes
Circe,Madeline Miller,"",9781408890042,paperback,"","","","","","","","","","","","","","","","","",Yes
A Confederacy of Dunces,John Kennedy Toole,Walker Percy (Contributor),9780241951590,paperback,"","","","","","","","","","","","","","","","","",Yes
Crime and Punishment,Fyodor Dostoevsky,Jessie Coulson (Translator),9780192833839,paperback,"","","","","","","","","","","","","","","","","",Yes
Treasure Island,Robert Louis Stevenson,"",9780140620832,paperback,"","","","","","","","","","","","","","","","","",Yes
The Handmaid's Tale,Margaret Atwood,"",9780099740919,paperback,"","","","","","","","","","","","","","","","","",Yes
The Etymologicon: A Circular Stroll Through the Hidden Connections of the English Language,Mark Forsyth,"",9781848313071,hardcover,"","","","","","","","","","","","","","","","","",Yes
"Kim Jiyoung, Born 1982",Cho Nam-joo,Jamie Chang (Translator),9781471184307,paperback,"","","","","","","","","","","","","","","","","",Yes
To the Lighthouse,Virginia Woolf,"",9780586044506,paperback,"","","","","","","","","","","","","","","","","",Yes
The Great Hunt,Robert Jordan,"",9781857230277,paperback,"","","","","","","","","","","","","","","","","",Yes
Six Four,Hideo Yokoyama,Jonathan Lloyd-Davies (Translator),9781848665286,paperback,"","","","","","","","","","","","","","","","","",Yes
The Cut,Chris Brookmyre,"",9780349143842,paperback,"","","","","","","","","","","","","","","","","",Yes
The Blade Itself,Joe Abercrombie,"",9780575079793,paperback,"","","","","","","","","","","","","","","","","",Yes
Lud-in-the-Mist,Hope Mirrlees,"",9781473225565,paperback,"","","","","","","","","","","","","","","","","",Yes
Hyperion,Dan Simmons,"",9780575099432,paperback,"","","","","","","","","","","","","","","","","",Yes
A Clockwork Orange,Anthony Burgess,"",9780241951446,paperback,"","","","","","","","","","","","","","","","","",Yes
The Morning Star,Karl Ove Knausgård,"",9781784703301,paperback,"","","","","","","","","","","","","","","","","",Yes
One Hundred Years of Solitude,Gabriel García Márquez,Gregory Rabassa (Translator),9780241972359,paperback,"","","","","","","","","","","","","","","","","",Yes
Fleishman is in Trouble,Taffy Brodesser-Akner,"",9781472267078,paperback,"","","","","","","","","","","","","","","","","",Yes
Once Upon a Time in Hollywood,Quentin Tarantino,"",9781398706132,paperback,"","","","","","","","","","","","","","","","","",Yes
Second Foundation,Isaac Asimov,"","",paperback,"","","","","","","","","","","","","","","","","",Yes
"Beautiful World, Where Are You",Sally Rooney,"",9780571365449,paperback,"","","","","","","","","","","","","","","","","",Yes
Papillon,Henri Charrière,Patrick O'Brian (Translator),9780007179961,paperback,"","","","","","","","","","","","","","","","","",Yes
A Dance with Dragons: After the Feast,George R.R. Martin,"",9780007466078,paperback,"","","","","","","","","","","","","","","","","",Yes
To Kill a Mockingbird,Harper Lee,"",9780749301347,paperback,"","","","","","","","","","","","","","","","","",Yes
On Earth We're Briefly Gorgeous,Ocean Vuong,"",9781529110685,paperback,"","","","","","","","","","","","","","","","","",Yes
The Horologicon: A Day's Jaunt Through the Lost Words of the English Language,Mark Forsyth,"",9781848314153,hardcover,"","","","","","","","","","","","","","","","","",Yes
Black Sun,Rebecca Roanhorse,"",9781781089477,paperback,"","","","","","","","","","","","","","","","","",Yes
A Dance with Dragons: Dreams and Dust,George R.R. Martin,"",9780007466061,paperback,"","","","","","","","","","","","","","","","","",Yes
Why I'm No Longer Talking to White People About Race,Reni Eddo-Lodge,"",9781408870587,paperback,"","","","","","","","","","","","","","","","","",Yes
Freakonomics: A Rogue Economist Explores the Hidden Side of Everything,"Steven D. Levitt, Stephen J. Dubner","",9780141035307,paperback,"","","","","","","","","","","","","","","","","",Yes
Jonathan Strange & Mr Norrell,Susanna Clarke,"",9781582346038,paperback,"","","","","","","","","","","","","","","","","",Yes
The Devotion of Suspect X,Keigo Higashino,Alexander O. Smith (Translator),9780349123745,paperback,"","","","","","","","","","","","","","","","","",Yes
Sir Gawain and the Green Knight,Gawain Poet,Simon Armitage,9780571223282,paperback,"","","","","","","","","","","","","","","","","",Yes
